year,mean_chla,summer_bt,cp_extent,summer_st,mean_AL,NPI,wind_along_shelf,wind_cross_shelf,ice_avg,temp_occ,total_pred,pcod_consumption,bcd_prevalence,total_invert,female_sam,clutch_fullness,male_sam,matmale_d95,matmale_cod_lat,matmale_cod_lon,fraction_bb
1975,NA,1.678358208955224,30877,5.4574626865671645,-34.603305785123965,1010.026,NA,NA,40.41720627,NA,NA,NA,NA,NA,NA,NA,NA,NA,NA,NA,NA
1976,NA,1.5474452554744527,30476,4.093421052631579,-14.211065573770492,1010.094,NA,NA,43.96925756,NA,NA,NA,NA,NA,NA,NA,NA,NA,NA,NA,NA
1977,NA,3.1944444444444446,2406,8.711340206185568,-136.03305785123968,1005.954,NA,NA,30.9001911,NA,NA,NA,NA,NA,NA,NA,NA,NA,NA,NA,NA
1978,NA,3.2507177033492822,10426,6.432751091703057,-63.70454545454545,1006.492,NA,NA,27.85935405,NA,NA,NA,NA,NA,NA,NA,NA,NA,NA,NA,NA
1979,NA,5.143581081081082,12030,8.564705882352941,35.59710743801653,1010.552,NA,NA,17.47110823,NA,NA,NA,NA,NA,NA,NA,NA,NA,NA,NA,NA
1980,NA,2.7239583333333335,44110,4.69258064516129,-19.862704918032787,1007.686,-0.13860499999999998,0.1653,31.50754825,NA,NA,NA,NA,NA,NA,NA,NA,NA,NA,NA,NA
1981,NA,3.601655629139073,18847,7.301324503311259,-133.400826446281,1004.438,0.70428,-1.00686,25.58168468,NA,NA,NA,NA,NA,NA,NA,NA,NA,NA,NA,NA
1982,NA,2.2439169139465878,52531,5.583333333333333,48.3801652892562,1010.602,-1.28398,-1.31145,27.97457277,2.81981382438911,7060.52872035465,NA,NA,NA,77.09024496798999,0.03538310809341999,NA,NA,NA,NA,0.33541667991083735
1983,NA,2.98974358974359,37293,8.604285714285714,-212.31198347107437,1003.46,0.3040115,-2.44685,28.32727879,3.72860985292153,8941.30080010345,NA,NA,NA,87.49695046710704,0.03843034659522598,NA,NA,NA,NA,0.4096166200744611
1984,NA,2.2280346820809247,51729,7.20056338028169,-67.59016393442623,1006.28,-0.9477,-1.738,29.00222365,3.40208816569017,9854.04501832759,NA,NA,NA,77.15561545715805,0.05101640410840043,NA,NA,NA,NA,0.5039039182543755
1985,NA,2.319677419354839,42907,6.7472392638036816,19.623966942148762,1010.006,0.224783,-0.09925499999999998,23.62991723,2.46996618484054,8517.87073935057,236.172423,NA,NA,95.28022032069926,0.0873819135916442,NA,NA,NA,NA,0.6276775542075661
1986,NA,1.7909883720930233,62155,5.711461318051576,-135.4318181818182,1004.794,-0.071775,-1.36336,26.31177246,1.7365990765031,9771.75202458382,176.2780668,NA,NA,89.47105217719626,0.185460631127567,NA,NA,NA,NA,0.4976122739201771
1987,NA,3.137784090909091,21253,6.890188679245283,-71.34504132231405,1005.968,1.78455,-0.427225,24.00758039,3.35970798990402,10558.1077718698,500.77101,NA,NA,85.18763478645803,0.060627555050201384,NA,NA,NA,NA,0.5880345906097312
1988,NA,2.136684782608696,56942,6.665934065934066,-60.709016393442624,1008.134,-0.837145,-1.418632,28.96915675,2.64683839992683,11610.1826189422,274.7603161,NA,4170.218727647399,92.16032189639967,0.01758794542947947,NA,30075,57.216482918067904,-164.421076697467,0.5657306809637237
1989,NA,2.884764542936288,29674,6.770833333333334,124.08471074380165,1011.742,0.280529,-0.48651,23.40272148,2.75692793518045,10026.0649751214,470.7054955,0.261584703089858,4206.588870635838,88.47834050797115,0.02331942992047667,NA,32481,57.2396093647181,-164.877074505401,0.6960244630791511
1990,NA,2.097068403908795,45313,7.242191780821918,-15.084710743801653,1010.906,-0.55682,0.13065000000000004,31.7406049,2.85283955321612,9324.44920253448,214.9093871,1.10451941984752,4587.05378008046,81.00605624606891,0.010741491699879499,109.71369,36892,56.9218051393438,-166.272126412806,0.5358400079935569
1991,NA,2.4874626865671643,40501,7.934985422740525,35.02066115702479,1011.244,0.5144650000000001,-1.4804599999999999,33.32862645,3.09097178594404,9007.75123973988,131.3948661,0.481089260964673,4441.265226971098,82.91272678830356,0.018026562505929992,119.29145,36892,56.5701683725757,-165.623574784505,0.6432452179585156
1992,NA,1.6310126582278481,60551,6.961695906432749,-75.68852459016394,1006.456,-1.754485,-1.2322300000000002,34.05197431,2.60488628836997,8866.83326652601,105.737921,2.12327257331318,4322.177443572255,80.3095166000218,0.04859816469991736,106.08426,34887,56.4094535154684,-165.293075886958,0.7662270940960049
1993,NA,2.8414414414414417,35288,7.079945799457994,69.0103305785124,1008.754,0.434995,-2.19295,26.83815286,3.4628388869583002,10562.1001406552,582.7158822,1.94064679990299,3637.282788827586,81.10929197328937,0.05622976298901773,101.90779,45714,56.6134122360534,-164.814139089603,0.863875799303441
1994,NA,1.6144827586206898,54135,5.6050938337801615,-73.93181818181819,1010.356,1.8237599999999998,-1.30075,29.00780244,2.8232488384672,12126.5338871954,309.2783342,0.0791226043706518,3699.6890071264365,81.83645467722876,0.11106384984709672,96.99281,43308,56.8093834227933,-166.013841258277,0.8005914508497035
1995,NA,1.524715909090909,71378,6.0896,-48.02892561983471,1008.562,0.6516865000000001,-1.8988800000000001,33.29942858,2.40486329218571,10876.5862493103,228.009349,2.07791896016335,3681.1114594597702,79.34756883868131,0.14261573823653917,95.87236,34486,56.6406125321372,-166.380304095269,0.7997324406030284
1996,NA,3.28121546961326,27669,6.682620320855615,52.09426229508197,1007.772,-0.774945,0.49799000000000004,24.31912971,3.22305256854367,11610.9280721149,260.5188576,0.862980135824982,3320.4108300229886,84.85237723620145,0.13609098048940396,102.83811,30476,56.5005005835653,-165.720816292495,0.8944113367035065
1997,NA,2.6290960451977403,43308,7.860160427807487,-60.56198347107438,1008.67,-2.5746149999999997,-0.03447500000000003,31.00169409,2.867325719824,11136.9835669713,135.7491007,1.46892608968661,4624.053425074712,81.81591872813236,0.24461034026246395,111.98025,33684,56.5984904597289,-165.916014190864,0.7161462936179707
1998,1.3630933114602093,3.113714285714286,25664,7.550943396226415,-150.74586776859505,1005.478,-0.17945,-0.070296,29.48152423,3.56175704241974,9902.00371766092,284.5039899,0.467139345081106,3476.9699006896553,83.3514699482861,0.12722449032282188,99.81227,39699,56.8251510419754,-166.628939284274,0.6570139543686584
1999,1.3151203358977623,0.7126801152737753,99047,3.9002710027100274,1.822314049586777,1009.446,0.321552,-0.38583,34.55957028,2.36197858791849,8254.42988246552,245.0248998,0.0438820770140999,3099.3607687126437,86.41633178312722,0.12334673413611727,108.89602,26867,56.3264594455333,-165.111241448105,0.8213204765837434
2000,1.3586826276844939,2.0077809798270896,59749,6.312912087912088,-80.03688524590164,1008.446,0.417765,-0.43665499999999996,29.93076438,2.85523997942064,6607.68138663218,132.1406006,0.110914293228808,3357.2136206264368,86.8530892150957,0.0773670995633181,106.88542,31278,56.2092811911039,-164.970399343103,0.8648493315508241
2001,1.8672820385137485,2.451388888888889,45313,5.859289617486339,-82.10330578512396,1007.084,0.253845,0.28204,16.94231364,3.62443701652658,7481.01258971839,359.2482471,0.0479128979041821,3782.909503683908,75.99242971961962,0.05651631622476608,109.11894,32481,56.1617515175326,-165.215553401014,0.8553219628783532
2002,1.7058411285719937,3.0838356164383565,25664,6.928763440860215,-26.81198347107438,1009.196,-1.3068650000000002,-0.8556655000000001,29.42637341,3.45686330938513,7136.65202761272,241.7116706,0.588263533468528,4055.2033829537568,78.43453237147972,0.03922286910796707,100.27246,36090,56.2871804104322,-166.063406310667,0.778127128067217
2003,1.9252006461543667,3.6836512261580383,13233,7.842933333333334,-85.82644628099173,1005.066,-0.358245,9.099999999999941e-4,23.33234089,4.34691915713299,8971.85124720115,194.7826631,2.11350680562668,4222.338855994253,77.940307725246,0.02376257773377214,102.75684,35288,56.1919525892305,-165.993845476317,0.7166809452037792
2004,1.8367724954214533,3.228142076502732,24461,8.411444141689374,-76.26844262295081,1008.564,-1.08777,-0.13003499999999996,24.8798642,3.43853426851709,9993.00788604046,NA,0.353660722412428,4431.498723184971,82.33443612936027,0.022698389239301658,106.80999,38897,56.5961742728857,-167.172099479016,0.46217021313145135
2005,1.8040380433694412,3.258092485549133,23258,7.247425474254743,-36.18388429752066,1008.15,-0.605625,-2.114345,22.72370188,3.46219071478074,10725.5615561221,152.2129319,0.732882928943508,4982.565885151163,82.12066476652197,0.0188745149584109,96.56501,45313,56.6971158486296,-167.53412819981,0.44352495471148706
2006,1.428637231451801,1.6663072776280323,68170,5.63800539083558,-13.809917355371901,1010.108,1.42595,0.5158410000000001,30.88227154,1.87659038478953,9785.17435995402,445.5432954,0.454657088896905,4974.098573781609,83.04511382859424,0.041082686816308396,102.93158,48922,56.4933791706239,-167.236450049711,0.4889428746922553
2007,1.3142792556897778,1.5826666666666667,78997,6.45,-21.136363636363637,1009.826,2.0999,-0.09130000000000005,29.96380574,1.39022657128349,8634.57645541379,205.0519057,0.126451816056031,4455.407700770115,85.60021585029605,0.04446751611918628,105.94926,40902,56.6855957592189,-167.693904157901,0.3615511060527117
2008,1.3115214427760324,1.1016042780748663,96240,4.244385026737968,-37.48770491803279,1009.304,0.69953,-1.4043,35.06809706,1.83231549145376,8967.19164547701,213.6808163,0.0253563735949852,4208.169009844828,80.38238399327682,0.054892326167388046,97.72394,47719,56.5402607601737,-167.10681424936,0.5193329698937829
2009,1.6958308869091758,1.1957333333333333,89824,4.681866666666667,47.31404958677686,1013.466,-0.629605,-0.6196,35.1535147,2.00600036579571,7936.19197506322,227.6291623,0.125524624537652,3915.0630942183907,82.71913087804678,0.09794557288350617,109.22561,37293,56.4720673602749,-167.420857769314,0.5058554089660079
2010,1.7984037889600795,1.3386666666666667,74987,5.3536,-127.02479338842976,1006.49,0.9535899999999999,-0.50753,34.35180372,1.37592191832233,10009.1382563678,653.3824726,0.306778385222508,4347.148097281609,83.47366838238106,0.07601170238518751,97.2383,40902,56.5935109813054,-167.822748781891,0.4168720574240199
2011,1.4999982899970894,2.3120000000000003,45714,4.994666666666666,58.20661157024794,1011.132,-0.29723,-0.6167,29.19506043,2.32607146629658,10507.5049547126,803.5879939,0.203038352815603,4901.095479862069,82.76662909887538,0.13080440169017823,106.83697,33283,56.5169390830395,-167.781185182785,0.4175462918470269
2012,1.189028362693236,0.8268096514745309,103057,5.042359249329759,-29.848360655737704,1010.324,0.91411,-0.06840000000000002,38.30508222,0.226726098514328,9323.95854231035,179.6170997,0.012302993183849,5200.702414183908,81.10245852575225,0.07727278528908137,108.73491,31278,56.4589833676195,-165.807793240695,0.646125249756394
2013,1.5857045689210119,1.6370666666666667,72982,6.329066666666667,-31.64669421487603,1010.312,-0.39155999999999996,0.051570000000000005,33.3776517,1.42125116185513,9097.4274064023,309.586863,0.294193852732995,4736.292727752873,81.98749766432428,0.0427416049247553,NA,26867,56.741673844832,-165.221414803575,0.6687310609439753
2014,1.4535320770640046,3.018666666666667,36491,8.245866666666666,-42.93595041322314,1009.804,0.44026,1.0805799999999999,20.88038467,3.00002508128893,9989.98302344253,512.0229433,0.599159358419268,4677.933383247127,83.91953207308276,0.029299187579526265,104.39472,38496,56.8508091338328,-165.819108857904,0.6357509500573376
2015,1.6142592492127703,3.1336,34486,7.165333333333334,-70.52892561983471,1007.862,-1.236895,0.032214999999999994,20.86842607,4.11089691160778,7867.02946596552,200.626962,0.65841120608309,5205.49419882184,81.12560791491839,0.03338181387149905,NA,48922,57.0327298152287,-166.213054881789,0.6529460643564138
2016,1.4735851459230254,4.210666666666667,25664,9.578133333333334,-191.14344262295083,1006.588,-1.3165,-0.009414999999999993,17.69932836,4.52976348363759,9285.62333205747,606.8959651,1.81687104553964,5324.231939890805,80.8139205308557,0.046927821240478035,98.46167,52130,56.9130743634002,-167.231896492175,0.444782125619545
2017,1.63191572782004,2.6528,48120,7.984266666666667,111.37396694214875,1010.256,-1.1066449999999999,-1.08246,23.63095878,3.56594360015818,8544.04188908046,437.623856,1.3703608477561,6350.253340637931,76.66394343264051,0.10515231277784089,103.7751,44110,56.6722269523081,-166.576366030383,0.532177016570509
2018,1.5836047190841926,4.157866666666667,1604,7.5776,102.29132231404958,1012.978,0.5942015,-1.4523000000000001,10.25129354,4.05970296632589,6500.07963513793,393.3690313,1.92421407381989,5057.298867189655,80.38558671846961,0.0958721988237662,92.96685,46917,56.7872022243998,-167.759869752525,0.41828571929319525
2019,1.6428318010033378,4.354133333333333,8020,9.230213903743316,119.62603305785125,1009.398,0.61671,-1.4549400000000001,12.05223279,4.26034927195241,6302.69878839081,308.0603594,4.10294200644427,5584.502250695402,74.16144667878687,0.08886120925443061,95.73022,45313,56.7065976035388,-167.281304312888,0.48319116703937337
2020,1.722551865807259,NA,NA,NA,78.94877049180327,1011.762,-0.8918499999999999,-1.55367,27.45060842,NA,NA,NA,NA,NA,NA,NA,NA,NA,NA,NA,NA
2021,1.8026565558165188,3.369066666666667,18446,7.26951871657754,24.90909090909091,1010.636,-0.879165,-1.92261,24.22180965,3.83666086391167,5876.795457,194.2094965,0.600628328118355,5732.108137603448,81.2060617068461,0.0514148296582869,104.53459,41704,57.0014224024381,-166.989180272596,0.5470694377514692
2022,1.9947505230102291,2.4816000000000003,49724,7.413866666666667,31.611570247933884,1010.524,-0.0011999999999999789,-0.53581,27.40836489,2.83366412047313,7553.61516472988,235.4114867,2.33563583087541,5888.828352356322,82.32374241397115,0.03519282129356047,102.99234,45313,56.9518590033559,-166.150288878632,0.7181630006647882
2023,2.1736928433912484,2.244,48922,6.386933333333333,46.45454545454545,1011.92,1.026105,-0.7950649999999999,26.97856901,3.19161259731983,7415.08003495402,358.2819758,1.80172498230831,5247.823496505747,81.01281609649199,0.0679967951980036,93.78756,54536,57.1158770469496,-167.725818054218,0.6425302367778856
2024,1.9080177701128616,2.472492836676218,44511,5.796275071633238,-44.943548387096776,1009.17,0.79692,-1.5874000000000001,26.98207073,2.86075081293465,8038.02108790805,428.04123,1.34315891613952,5729.964740942529,78.09800091798138,0.029219186151367073,101.4196,53333,57.1240711214646,-167.716061273147,0.5581929214927219
2025,NA,3.005730659025788,31679,6.048997134670487,NA,NA,NA,NA,21.91344138,3.5173791543239,NA,NA,2.67218200326355,NA,82.02743644500404,0.028753409718882728,109.3696,42105,57.2212086107579,-168.218415922901,0.3623153720383407
